Metis,Jupiter
Adrastea,Jupiter
Amalthea,Jupiter
Thebe,Jupiter
Io,Jupiter
Europa,Jupiter
Ganymede,Jupiter
Callisto,Jupiter
Themisto,Jupiter
Leda,Jupiter
Himalia,Jupiter
Lysithea,Jupiter
Elara,Jupiter
Dia,Jupiter
Carpo,Jupiter
Euporie,Jupiter
Thelxinoe,Jupiter
Euanthe,Jupiter
Helike,Jupiter
Orthosie,Jupiter
Iocaste,Jupiter
Praxidike,Jupiter
Harpalyke,Jupiter
Mneme,Jupiter
Hermippe,Jupiter
Thyone,Jupiter
Ananke,Jupiter
Herse,Jupiter
Aitne,Jupiter
Kale,Jupiter
Taygete,Jupiter
Chaldene,Jupiter
Erinome,Jupiter
Aoede,Jupiter
Kallichore,Jupiter
Kalyke,Jupiter
Carme,Jupiter
Callirrhoe,Jupiter
Eurydome,Jupiter
Pasithee,Jupiter
Kore,Jupiter
Cyllene,Jupiter
Eukelade,Jupiter
PasiphaÃ«,Jupiter
Hegemone,Jupiter
Arche,Jupiter
Isonoe,Jupiter
Sinope,Jupiter
Sponde,Jupiter
Autonoe,Jupiter
Megaclite,Jupiter
Phobos,Mars
Deimos,Mars
Naiad,Neptune
Thalassa,Neptune
Despina,Neptune
Galatea,Neptune
Larissa,Neptune
Hippocamp,Neptune
Proteus,Neptune
Triton,Neptune
Nereid,Neptune
Halimede,Neptune
Sao,Neptune
Laomedeia,Neptune
Psamathe,Neptune
Neso,Neptune
Charon,Pluto
Styx,Pluto
Nix,Pluto
Kerberos,Pluto
Hydra,Pluto
Pan,Saturn
Daphnis,Saturn
Atlas,Saturn
Prometheus,Saturn
Pandora,Saturn
Epimetheus,Saturn
Janus,Saturn
Aegaeon,Saturn
Mimas,Saturn
Methone,Saturn
Anthe,Saturn
Pallene,Saturn
Enceladus,Saturn
Tethys,Saturn
Telesto,Saturn
Calypso,Saturn
Dione,Saturn
Helene,Saturn
Polydeuces,Saturn
Rhea,Saturn
Titan,Saturn
Hyperion,Saturn
Iapetus,Saturn
Kivluq,Saturn
Ijiraq,Saturn
Phoebe,Saturn
Paaliaq,Saturn
Skathi,Saturn
Albiorix,Saturn
Bebhionn,Saturn
Skoll,Saturn
Erriapus,Saturn
Tarqeq,Saturn
Tarvos,Saturn
Hyrrokkin,Saturn
Grelp,Saturn
Mundilfari,Saturn
Suttungr,Saturn
Jarnsaxa,Saturn
Narvi,Saturn
Bergelmir,Saturn
Hati,Saturn
Farbauti,Saturn
Thrymr,Saturn
Bestia,Saturn
Aegir,Saturn
Kari,Saturn
Loge,Saturn
Fenrir,Saturn
Ymir,Saturn
Surtur,Saturn
Fornjot,Saturn
Cordelia,Uranus
Ophelia,Uranus
Bianca,Uranus
Cressida,Uranus
Desdomona,Uranus
Juliet,Uranus
Portia,Uranus
Rosalind,Uranus
Cupid,Uranus
Belinda,Uranus
Perdita,Uranus
Puck,Uranus
Mab,Uranus
Miranda,Uranus
Ariel,Uranus
Umbriel,Uranus
Titania,Uranus
Oberon,Uranus
Francisco,Uranus
Caliban,Uranus
Stephano,Uranus
Trinculo,Uranus
Sycorax,Uranus
Margaret,Uranus
Prospero,Uranus
Setebos,Uranus
Ferdinand,Uranus
